0.mp4,-1
1.mp4,-1
2.mp4,-1
3.mp4,-1
4.mp4,-1
5.mp4,-1
6.mp4,-1
7.mp4,-1
8.mp4,-1
9.mp4,-1
10.mp4,-1
11.mp4,-1
12.mp4,-1
13.mp4,-1
14.mp4,-1
15.mp4,-1
16.mp4,-1
17.mp4,-1
18.mp4,-1
19.mp4,-1
20.mp4,-1
21.mp4,-1
22.mp4,-1
23.mp4,-1
24.mp4,-1
25.mp4,-1
26.mp4,-1
27.mp4,-1
28.mp4,-1
29.mp4,-1
30.mp4,-1
31.mp4,-1
32.mp4,-1
33.mp4,-1
34.mp4,-1
35.mp4,-1
36.mp4,-1
37.mp4,-1
38.mp4,-1
39.mp4,-1
40.mp4,-1
41.mp4,-1
42.mp4,-1
43.mp4,-1
44.mp4,-1
45.mp4,-1
46.mp4,-1
47.mp4,-1
48.mp4,-1
49.mp4,-1
50.mp4,-1
51.mp4,-1
52.mp4,-1
53.mp4,-1
54.mp4,-1
55.mp4,-1
56.mp4,-1
57.mp4,-1
58.mp4,-1
59.mp4,-1
60.mp4,-1
61.mp4,-1
62.mp4,-1
63.mp4,-1
64.mp4,-1
65.mp4,-1
66.mp4,-1
67.mp4,-1
68.mp4,-1
69.mp4,-1
70.mp4,-1
71.mp4,-1
72.mp4,-1
73.mp4,-1
74.mp4,-1
75.mp4,-1
76.mp4,-1
77.mp4,-1
78.mp4,-1
79.mp4,-1
80.mp4,-1
81.mp4,-1
82.mp4,-1
83.mp4,-1
84.mp4,-1
85.mp4,-1
86.mp4,-1
87.mp4,-1
88.mp4,-1
89.mp4,-1
90.mp4,-1
91.mp4,-1
92.mp4,-1
93.mp4,-1
94.mp4,-1
95.mp4,-1
96.mp4,-1
97.mp4,-1
98.mp4,-1
99.mp4,-1
100.mp4,-1
101.mp4,-1
102.mp4,-1
103.mp4,-1
104.mp4,-1
105.mp4,-1
106.mp4,-1
107.mp4,-1
108.mp4,-1
109.mp4,-1
110.mp4,-1
111.mp4,-1
112.mp4,-1
113.mp4,-1
114.mp4,-1
115.mp4,-1
116.mp4,-1
117.mp4,-1
118.mp4,-1
119.mp4,-1
120.mp4,-1
121.mp4,-1
122.mp4,-1
123.mp4,-1
124.mp4,-1
125.mp4,-1
126.mp4,-1
127.mp4,-1
128.mp4,-1
129.mp4,-1
130.mp4,-1
131.mp4,-1
132.mp4,-1
133.mp4,-1
134.mp4,-1
135.mp4,-1
136.mp4,-1
137.mp4,-1
138.mp4,-1
139.mp4,-1
140.mp4,-1
141.mp4,-1
142.mp4,-1
143.mp4,-1
144.mp4,-1
145.mp4,-1
146.mp4,-1
147.mp4,-1
148.mp4,-1
149.mp4,-1
150.mp4,-1
151.mp4,-1
152.mp4,-1
153.mp4,-1
154.mp4,-1
155.mp4,-1
156.mp4,-1
157.mp4,-1
158.mp4,-1
159.mp4,-1
160.mp4,-1
161.mp4,-1
162.mp4,-1
163.mp4,-1
164.mp4,-1
165.mp4,-1
166.mp4,-1
167.mp4,-1
168.mp4,-1
169.mp4,-1
170.mp4,-1
171.mp4,-1
172.mp4,-1
173.mp4,-1
174.mp4,-1
175.mp4,-1
176.mp4,-1
177.mp4,-1
178.mp4,-1
179.mp4,-1
180.mp4,-1
181.mp4,-1
182.mp4,-1
183.mp4,-1
184.mp4,-1
185.mp4,-1
186.mp4,-1
187.mp4,-1
188.mp4,-1
189.mp4,-1
190.mp4,-1
191.mp4,-1
192.mp4,-1
193.mp4,-1
194.mp4,-1
195.mp4,-1
196.mp4,-1
197.mp4,-1
198.mp4,-1
199.mp4,-1
200.mp4,-1
201.mp4,-1
202.mp4,-1
203.mp4,-1
204.mp4,-1
205.mp4,-1
206.mp4,-1
207.mp4,-1
208.mp4,-1
209.mp4,-1
210.mp4,-1
211.mp4,-1
212.mp4,-1
213.mp4,-1
214.mp4,-1
215.mp4,-1
216.mp4,-1
217.mp4,-1
218.mp4,-1
219.mp4,-1
220.mp4,-1
221.mp4,-1
222.mp4,-1
223.mp4,-1
224.mp4,-1
225.mp4,-1
226.mp4,-1
227.mp4,-1
228.mp4,-1
229.mp4,-1
230.mp4,-1
231.mp4,-1
232.mp4,-1
233.mp4,-1
234.mp4,-1
235.mp4,-1
236.mp4,-1
237.mp4,-1
238.mp4,-1
239.mp4,-1
240.mp4,-1
241.mp4,-1
242.mp4,-1
243.mp4,-1
244.mp4,-1
245.mp4,-1
246.mp4,-1
247.mp4,-1
248.mp4,-1
249.mp4,-1
250.mp4,-1
251.mp4,-1
252.mp4,-1
253.mp4,-1
254.mp4,-1
255.mp4,-1
256.mp4,-1
257.mp4,-1
258.mp4,-1
259.mp4,-1
260.mp4,-1
261.mp4,-1
262.mp4,-1
263.mp4,-1
264.mp4,-1
265.mp4,-1
266.mp4,-1
267.mp4,-1
268.mp4,-1
269.mp4,-1
270.mp4,-1
271.mp4,-1
272.mp4,-1
273.mp4,-1
274.mp4,-1
275.mp4,-1
276.mp4,-1
277.mp4,-1
278.mp4,-1
279.mp4,-1
280.mp4,-1
281.mp4,-1
282.mp4,-1
283.mp4,-1
284.mp4,-1
285.mp4,-1
286.mp4,-1
287.mp4,-1
288.mp4,-1
289.mp4,-1
290.mp4,-1
291.mp4,-1
292.mp4,-1
293.mp4,-1
294.mp4,-1
295.mp4,-1
296.mp4,-1
297.mp4,-1
298.mp4,-1
299.mp4,-1
300.mp4,-1
301.mp4,-1
302.mp4,-1
303.mp4,-1
304.mp4,-1
305.mp4,-1
306.mp4,-1
307.mp4,-1
308.mp4,-1
309.mp4,-1
310.mp4,-1
311.mp4,-1
312.mp4,-1
313.mp4,-1
314.mp4,-1
315.mp4,-1
316.mp4,-1
317.mp4,-1
318.mp4,-1
319.mp4,-1
320.mp4,-1
321.mp4,-1
322.mp4,-1
323.mp4,-1
324.mp4,-1
325.mp4,-1
326.mp4,-1
327.mp4,-1
328.mp4,-1
329.mp4,-1
330.mp4,-1
331.mp4,-1
332.mp4,-1
333.mp4,-1
334.mp4,-1
335.mp4,-1
336.mp4,-1
337.mp4,-1
338.mp4,-1
339.mp4,-1
340.mp4,-1
341.mp4,-1
342.mp4,-1
343.mp4,-1
344.mp4,-1
345.mp4,-1
346.mp4,-1
347.mp4,-1
348.mp4,-1
349.mp4,-1
350.mp4,-1
351.mp4,-1
352.mp4,-1
353.mp4,-1
354.mp4,-1
355.mp4,-1
356.mp4,-1
357.mp4,-1
358.mp4,-1
359.mp4,-1
360.mp4,-1
361.mp4,-1
362.mp4,-1
363.mp4,-1
364.mp4,-1
365.mp4,-1
366.mp4,-1
367.mp4,-1
368.mp4,-1
369.mp4,-1
370.mp4,-1
371.mp4,-1
372.mp4,-1
373.mp4,-1
374.mp4,-1
375.mp4,-1
376.mp4,-1
377.mp4,-1
378.mp4,-1
379.mp4,-1
380.mp4,-1
381.mp4,-1
382.mp4,-1
383.mp4,-1
384.mp4,-1
385.mp4,-1
386.mp4,-1
387.mp4,-1
388.mp4,-1
389.mp4,-1
390.mp4,-1
391.mp4,-1
392.mp4,-1
393.mp4,-1
394.mp4,-1
395.mp4,-1
396.mp4,-1
397.mp4,-1
398.mp4,-1
399.mp4,-1
400.mp4,-1
401.mp4,-1
402.mp4,-1
403.mp4,-1
404.mp4,-1
405.mp4,-1
406.mp4,-1
407.mp4,-1
408.mp4,-1
409.mp4,-1
410.mp4,-1
411.mp4,-1
412.mp4,-1
413.mp4,-1
414.mp4,-1
415.mp4,-1
416.mp4,-1
417.mp4,-1
418.mp4,-1
419.mp4,-1
420.mp4,-1
421.mp4,-1
422.mp4,-1
423.mp4,-1
424.mp4,-1
425.mp4,-1
426.mp4,-1
427.mp4,-1
428.mp4,-1
429.mp4,-1
430.mp4,-1
431.mp4,-1
432.mp4,-1
433.mp4,-1
434.mp4,-1
435.mp4,-1
436.mp4,-1
437.mp4,-1
438.mp4,-1
439.mp4,-1
440.mp4,-1
441.mp4,-1
442.mp4,-1
443.mp4,-1
444.mp4,-1
445.mp4,-1
446.mp4,-1
447.mp4,-1
448.mp4,-1
449.mp4,-1
450.mp4,-1
451.mp4,-1
452.mp4,-1
453.mp4,-1
454.mp4,-1
455.mp4,-1
456.mp4,-1
457.mp4,-1
458.mp4,-1
459.mp4,-1
460.mp4,-1
461.mp4,-1
462.mp4,-1
463.mp4,-1
464.mp4,-1
465.mp4,-1
466.mp4,-1
467.mp4,-1
468.mp4,-1
469.mp4,-1
470.mp4,-1
471.mp4,-1
472.mp4,-1
473.mp4,-1
474.mp4,-1
475.mp4,-1
476.mp4,-1
477.mp4,-1
478.mp4,-1
479.mp4,-1
480.mp4,-1
481.mp4,-1
482.mp4,-1
483.mp4,-1
484.mp4,-1
485.mp4,-1
486.mp4,-1
487.mp4,-1
488.mp4,-1
489.mp4,-1
490.mp4,-1
491.mp4,-1
492.mp4,-1
493.mp4,-1
494.mp4,-1
495.mp4,-1
496.mp4,-1
497.mp4,-1
498.mp4,-1
499.mp4,-1
500.mp4,-1
501.mp4,-1
502.mp4,-1
503.mp4,-1
504.mp4,-1
505.mp4,-1
506.mp4,-1
507.mp4,-1
508.mp4,-1
509.mp4,-1
510.mp4,-1
511.mp4,-1
512.mp4,-1
513.mp4,-1
514.mp4,-1
515.mp4,-1
516.mp4,-1
517.mp4,-1
518.mp4,-1
519.mp4,-1
520.mp4,-1
521.mp4,-1
522.mp4,-1
523.mp4,-1
524.mp4,-1
525.mp4,-1
526.mp4,-1
527.mp4,-1
528.mp4,-1
529.mp4,-1
530.mp4,-1
531.mp4,-1
532.mp4,-1
533.mp4,-1
534.mp4,-1
535.mp4,-1
536.mp4,-1
537.mp4,-1
538.mp4,-1
539.mp4,-1
540.mp4,-1
541.mp4,-1
542.mp4,-1
543.mp4,-1
544.mp4,-1
545.mp4,-1
546.mp4,-1
547.mp4,-1
548.mp4,-1
549.mp4,-1
550.mp4,-1
551.mp4,-1
552.mp4,-1
553.mp4,-1
554.mp4,-1
555.mp4,-1
556.mp4,-1
557.mp4,-1
558.mp4,-1
559.mp4,-1
560.mp4,-1
561.mp4,-1
562.mp4,-1
563.mp4,-1
564.mp4,-1
565.mp4,-1
566.mp4,-1
567.mp4,-1
568.mp4,-1
569.mp4,-1
570.mp4,-1
571.mp4,-1
572.mp4,-1
573.mp4,-1
574.mp4,-1
575.mp4,-1
576.mp4,-1
577.mp4,-1
578.mp4,-1
579.mp4,-1
580.mp4,-1
581.mp4,-1
582.mp4,-1
583.mp4,-1
584.mp4,-1
585.mp4,-1
586.mp4,-1
587.mp4,-1
588.mp4,-1
589.mp4,-1
590.mp4,-1
591.mp4,-1
592.mp4,-1
593.mp4,-1
594.mp4,-1
595.mp4,-1
596.mp4,-1
597.mp4,-1
598.mp4,-1
599.mp4,-1
600.mp4,-1
601.mp4,-1
602.mp4,-1
603.mp4,-1
604.mp4,-1
605.mp4,-1
606.mp4,-1
607.mp4,-1
608.mp4,-1
609.mp4,-1
610.mp4,-1
611.mp4,-1
612.mp4,-1
613.mp4,-1
614.mp4,-1
615.mp4,-1
616.mp4,-1
617.mp4,-1
618.mp4,-1
619.mp4,-1
620.mp4,-1
621.mp4,-1
622.mp4,-1
623.mp4,-1
624.mp4,-1
625.mp4,-1
626.mp4,-1
627.mp4,-1
628.mp4,-1
629.mp4,-1
630.mp4,-1
631.mp4,-1
632.mp4,-1
633.mp4,-1
634.mp4,-1
635.mp4,-1
636.mp4,-1
637.mp4,-1
638.mp4,-1
639.mp4,-1
640.mp4,-1
641.mp4,-1
642.mp4,-1
643.mp4,-1
644.mp4,-1
645.mp4,-1
646.mp4,-1
647.mp4,-1
648.mp4,-1
649.mp4,-1
650.mp4,-1
651.mp4,-1
652.mp4,-1
653.mp4,-1
654.mp4,-1
655.mp4,-1
656.mp4,-1
657.mp4,-1
658.mp4,-1
659.mp4,-1
660.mp4,-1
661.mp4,-1
662.mp4,-1
663.mp4,-1
664.mp4,-1
665.mp4,-1
666.mp4,-1
667.mp4,-1
668.mp4,-1
669.mp4,-1
670.mp4,-1
671.mp4,-1
672.mp4,-1
673.mp4,-1
674.mp4,-1
675.mp4,-1
676.mp4,-1
677.mp4,-1
678.mp4,-1
679.mp4,-1
680.mp4,-1
681.mp4,-1
682.mp4,-1
683.mp4,-1
684.mp4,-1
685.mp4,-1
686.mp4,-1
687.mp4,-1
688.mp4,-1
689.mp4,-1
690.mp4,-1
691.mp4,-1
692.mp4,-1
693.mp4,-1
694.mp4,-1
695.mp4,-1
696.mp4,-1
697.mp4,-1
698.mp4,-1
699.mp4,-1
700.mp4,-1
701.mp4,-1
702.mp4,-1
703.mp4,-1
704.mp4,-1
705.mp4,-1
706.mp4,-1
707.mp4,-1
708.mp4,-1
709.mp4,-1
710.mp4,-1
711.mp4,-1
712.mp4,-1
713.mp4,-1
714.mp4,-1
715.mp4,-1
716.mp4,-1
717.mp4,-1
718.mp4,-1
719.mp4,-1
720.mp4,-1
721.mp4,-1
722.mp4,-1
723.mp4,-1
724.mp4,-1
725.mp4,-1
726.mp4,-1
727.mp4,-1
728.mp4,-1
729.mp4,-1
730.mp4,-1
731.mp4,-1
732.mp4,-1
733.mp4,-1
734.mp4,-1
735.mp4,-1
736.mp4,-1
737.mp4,-1
738.mp4,-1
739.mp4,-1
740.mp4,-1
741.mp4,-1
742.mp4,-1
743.mp4,-1
744.mp4,-1
745.mp4,-1
746.mp4,-1
747.mp4,-1
748.mp4,-1
749.mp4,-1
750.mp4,-1
751.mp4,-1
752.mp4,-1
753.mp4,-1
754.mp4,-1
755.mp4,-1
756.mp4,-1
757.mp4,-1
758.mp4,-1
759.mp4,-1
760.mp4,-1
761.mp4,-1
762.mp4,-1
763.mp4,-1
764.mp4,-1
765.mp4,-1
766.mp4,-1
767.mp4,-1
768.mp4,-1
769.mp4,-1
770.mp4,-1
771.mp4,-1
772.mp4,-1
773.mp4,-1
774.mp4,-1
775.mp4,-1
776.mp4,-1
777.mp4,-1
778.mp4,-1
779.mp4,-1
780.mp4,-1
781.mp4,-1
782.mp4,-1
783.mp4,-1
784.mp4,-1
785.mp4,-1
786.mp4,-1
787.mp4,-1
788.mp4,-1
789.mp4,-1
790.mp4,-1
791.mp4,-1
792.mp4,-1
793.mp4,-1
794.mp4,-1
795.mp4,-1
796.mp4,-1
797.mp4,-1
798.mp4,-1
799.mp4,-1
800.mp4,-1
801.mp4,-1
802.mp4,-1
803.mp4,-1
804.mp4,-1
805.mp4,-1
806.mp4,-1
807.mp4,-1
808.mp4,-1
809.mp4,-1
810.mp4,-1
811.mp4,-1
812.mp4,-1
813.mp4,-1
814.mp4,-1
815.mp4,-1
816.mp4,-1
817.mp4,-1
818.mp4,-1
819.mp4,-1
820.mp4,-1
821.mp4,-1
822.mp4,-1
823.mp4,-1
824.mp4,-1
825.mp4,-1
826.mp4,-1
827.mp4,-1
828.mp4,-1
829.mp4,-1
830.mp4,-1
831.mp4,-1
832.mp4,-1
833.mp4,-1
834.mp4,-1
835.mp4,-1
836.mp4,-1
837.mp4,-1
838.mp4,-1
839.mp4,-1
840.mp4,-1
841.mp4,-1
842.mp4,-1
843.mp4,-1
844.mp4,-1
845.mp4,-1
846.mp4,-1
847.mp4,-1
848.mp4,-1
849.mp4,-1
850.mp4,-1
851.mp4,-1
852.mp4,-1
853.mp4,-1
854.mp4,-1
855.mp4,-1
856.mp4,-1
857.mp4,-1
858.mp4,-1
859.mp4,-1
860.mp4,-1
861.mp4,-1
862.mp4,-1
863.mp4,-1
864.mp4,-1
865.mp4,-1
866.mp4,-1
867.mp4,-1
868.mp4,-1
869.mp4,-1
870.mp4,-1
871.mp4,-1
872.mp4,-1
873.mp4,-1
874.mp4,-1
875.mp4,-1
876.mp4,-1
877.mp4,-1
878.mp4,-1
879.mp4,-1
880.mp4,-1
881.mp4,-1
882.mp4,-1
883.mp4,-1
884.mp4,-1
885.mp4,-1
886.mp4,-1
887.mp4,-1
888.mp4,-1
889.mp4,-1
890.mp4,-1
891.mp4,-1
892.mp4,-1
893.mp4,-1
894.mp4,-1
895.mp4,-1
896.mp4,-1
897.mp4,-1
898.mp4,-1
899.mp4,-1
900.mp4,-1
901.mp4,-1
902.mp4,-1
903.mp4,-1
904.mp4,-1
905.mp4,-1
906.mp4,-1
907.mp4,-1
908.mp4,-1
909.mp4,-1
910.mp4,-1
911.mp4,-1
912.mp4,-1
913.mp4,-1
914.mp4,-1
915.mp4,-1
916.mp4,-1
917.mp4,-1
918.mp4,-1
919.mp4,-1
920.mp4,-1
921.mp4,-1
922.mp4,-1
923.mp4,-1
924.mp4,-1
925.mp4,-1
926.mp4,-1
927.mp4,-1
928.mp4,-1
929.mp4,-1
930.mp4,-1
931.mp4,-1
932.mp4,-1
933.mp4,-1
934.mp4,-1
935.mp4,-1
936.mp4,-1
937.mp4,-1
938.mp4,-1
939.mp4,-1
940.mp4,-1
941.mp4,-1
942.mp4,-1
943.mp4,-1
944.mp4,-1
945.mp4,-1
946.mp4,-1
947.mp4,-1
948.mp4,-1
949.mp4,-1
950.mp4,-1
951.mp4,-1
952.mp4,-1
953.mp4,-1
954.mp4,-1
955.mp4,-1
956.mp4,-1
957.mp4,-1
958.mp4,-1
959.mp4,-1
960.mp4,-1
961.mp4,-1
962.mp4,-1
963.mp4,-1
964.mp4,-1
965.mp4,-1
966.mp4,-1
967.mp4,-1
968.mp4,-1
969.mp4,-1
970.mp4,-1
971.mp4,-1
972.mp4,-1
973.mp4,-1
974.mp4,-1
975.mp4,-1
976.mp4,-1
977.mp4,-1
978.mp4,-1
979.mp4,-1
980.mp4,-1
981.mp4,-1
982.mp4,-1
983.mp4,-1
984.mp4,-1
985.mp4,-1
986.mp4,-1
987.mp4,-1
988.mp4,-1
989.mp4,-1
990.mp4,-1
991.mp4,-1
992.mp4,-1
993.mp4,-1
994.mp4,-1
995.mp4,-1
996.mp4,-1
997.mp4,-1
998.mp4,-1
999.mp4,-1
1000.mp4,-1
1001.mp4,-1
1002.mp4,-1
1003.mp4,-1
1004.mp4,-1
1005.mp4,-1
1006.mp4,-1
1007.mp4,-1
1008.mp4,-1
1009.mp4,-1
1010.mp4,-1
1011.mp4,-1
1012.mp4,-1
1013.mp4,-1
1014.mp4,-1
1015.mp4,-1
1016.mp4,-1
1017.mp4,-1
1018.mp4,-1
1019.mp4,-1
1020.mp4,-1
1021.mp4,-1
1022.mp4,-1
1023.mp4,-1
1024.mp4,-1
1025.mp4,-1
1026.mp4,-1
1027.mp4,-1
1028.mp4,-1
1029.mp4,-1
1030.mp4,-1
1031.mp4,-1
1032.mp4,-1
1033.mp4,-1
1034.mp4,-1
1035.mp4,-1
1036.mp4,-1
1037.mp4,-1
1038.mp4,-1
1039.mp4,-1
1040.mp4,-1
1041.mp4,-1
1042.mp4,-1
1043.mp4,-1
1044.mp4,-1
1045.mp4,-1
1046.mp4,-1
1047.mp4,-1
1048.mp4,-1
1049.mp4,-1
1050.mp4,-1
1051.mp4,-1
1052.mp4,-1
1053.mp4,-1
1054.mp4,-1
1055.mp4,-1
1056.mp4,-1
1057.mp4,-1
1058.mp4,-1
1059.mp4,-1
1060.mp4,-1
1061.mp4,-1
1062.mp4,-1
1063.mp4,-1
1064.mp4,-1
1065.mp4,-1
1066.mp4,-1
1067.mp4,-1
1068.mp4,-1
1069.mp4,-1
1070.mp4,-1
1071.mp4,-1
1072.mp4,-1
1073.mp4,-1
1074.mp4,-1
1075.mp4,-1
1076.mp4,-1
1077.mp4,-1
1078.mp4,-1
1079.mp4,-1
1080.mp4,-1
1081.mp4,-1
1082.mp4,-1
1083.mp4,-1
1084.mp4,-1
1085.mp4,-1
1086.mp4,-1
1087.mp4,-1
1088.mp4,-1
1089.mp4,-1
1090.mp4,-1
1091.mp4,-1
1092.mp4,-1
1093.mp4,-1
1094.mp4,-1
1095.mp4,-1
1096.mp4,-1
1097.mp4,-1
1098.mp4,-1
1099.mp4,-1
1100.mp4,-1
1101.mp4,-1
1102.mp4,-1
1103.mp4,-1
1104.mp4,-1
1105.mp4,-1
1106.mp4,-1
1107.mp4,-1
1108.mp4,-1
1109.mp4,-1
1110.mp4,-1
1111.mp4,-1
1112.mp4,-1
1113.mp4,-1
1114.mp4,-1
1115.mp4,-1
1116.mp4,-1
1117.mp4,-1
1118.mp4,-1
1119.mp4,-1
1120.mp4,-1
1121.mp4,-1
1122.mp4,-1
1123.mp4,-1
1124.mp4,-1
1125.mp4,-1
1126.mp4,-1
1127.mp4,-1
1128.mp4,-1
1129.mp4,-1
1130.mp4,-1
1131.mp4,-1
1132.mp4,-1
1133.mp4,-1
1134.mp4,-1
1135.mp4,-1
1136.mp4,-1
1137.mp4,-1
1138.mp4,-1
1139.mp4,-1
1140.mp4,-1
1141.mp4,-1
1142.mp4,-1
1143.mp4,-1
1144.mp4,-1
1145.mp4,-1
1146.mp4,-1
1147.mp4,-1
1148.mp4,-1
1149.mp4,-1
1150.mp4,-1
1151.mp4,-1
1152.mp4,-1
1153.mp4,-1
1154.mp4,-1
1155.mp4,-1
1156.mp4,-1
1157.mp4,-1
1158.mp4,-1
1159.mp4,-1
1160.mp4,-1
1161.mp4,-1
1162.mp4,-1
1163.mp4,-1
1164.mp4,-1
1165.mp4,-1
1166.mp4,-1
1167.mp4,-1
1168.mp4,-1
1169.mp4,-1
1170.mp4,-1
1171.mp4,-1
1172.mp4,-1
1173.mp4,-1
1174.mp4,-1
1175.mp4,-1
1176.mp4,-1
1177.mp4,-1
1178.mp4,-1
1179.mp4,-1
1180.mp4,-1
1181.mp4,-1
1182.mp4,-1
1183.mp4,-1
1184.mp4,-1
1185.mp4,-1
1186.mp4,-1
1187.mp4,-1
1188.mp4,-1
1189.mp4,-1
1190.mp4,-1
1191.mp4,-1
1192.mp4,-1
1193.mp4,-1
1194.mp4,-1
1195.mp4,-1
1196.mp4,-1
1197.mp4,-1
1198.mp4,-1
1199.mp4,-1
1200.mp4,-1
1201.mp4,-1
1202.mp4,-1
1203.mp4,-1
1204.mp4,-1
1205.mp4,-1
1206.mp4,-1
1207.mp4,-1
1208.mp4,-1
1209.mp4,-1
1210.mp4,-1
1211.mp4,-1
1212.mp4,-1
1213.mp4,-1
1214.mp4,-1
1215.mp4,-1
1216.mp4,-1
1217.mp4,-1
1218.mp4,-1
1219.mp4,-1
1220.mp4,-1
1221.mp4,-1
1222.mp4,-1
1223.mp4,-1
1224.mp4,-1
1225.mp4,-1
1226.mp4,-1
1227.mp4,-1
1228.mp4,-1
1229.mp4,-1
1230.mp4,-1
1231.mp4,-1
1232.mp4,-1
1233.mp4,-1
1234.mp4,-1
1235.mp4,-1
1236.mp4,-1
1237.mp4,-1
1238.mp4,-1
1239.mp4,-1
1240.mp4,-1
1241.mp4,-1
1242.mp4,-1
1243.mp4,-1
1244.mp4,-1
1245.mp4,-1
1246.mp4,-1
1247.mp4,-1
1248.mp4,-1
1249.mp4,-1
1250.mp4,-1
1251.mp4,-1
1252.mp4,-1
1253.mp4,-1
1254.mp4,-1
1255.mp4,-1
1256.mp4,-1
1257.mp4,-1
1258.mp4,-1
1259.mp4,-1
1260.mp4,-1
1261.mp4,-1
1262.mp4,-1
1263.mp4,-1
1264.mp4,-1
1265.mp4,-1
1266.mp4,-1
1267.mp4,-1
1268.mp4,-1
1269.mp4,-1
1270.mp4,-1
1271.mp4,-1
1272.mp4,-1
1273.mp4,-1
1274.mp4,-1
1275.mp4,-1
1276.mp4,-1
1277.mp4,-1
1278.mp4,-1
1279.mp4,-1
1280.mp4,-1
1281.mp4,-1
1282.mp4,-1
1283.mp4,-1
1284.mp4,-1
1285.mp4,-1
1286.mp4,-1
1287.mp4,-1
1288.mp4,-1
1289.mp4,-1
1290.mp4,-1
1291.mp4,-1
1292.mp4,-1
1293.mp4,-1
1294.mp4,-1
1295.mp4,-1
1296.mp4,-1
1297.mp4,-1
1298.mp4,-1
1299.mp4,-1
1300.mp4,-1
1301.mp4,-1
1302.mp4,-1
1303.mp4,-1
1304.mp4,-1
1305.mp4,-1
1306.mp4,-1
1307.mp4,-1
1308.mp4,-1
1309.mp4,-1
1310.mp4,-1
1311.mp4,-1
1312.mp4,-1
1313.mp4,-1
1314.mp4,-1
1315.mp4,-1
1316.mp4,-1
1317.mp4,-1
1318.mp4,-1
1319.mp4,-1
1320.mp4,-1
1321.mp4,-1
1322.mp4,-1
1323.mp4,-1
1324.mp4,-1
1325.mp4,-1
1326.mp4,-1
1327.mp4,-1
1328.mp4,-1
1329.mp4,-1
1330.mp4,-1
1331.mp4,-1
1332.mp4,-1
1333.mp4,-1
1334.mp4,-1
1335.mp4,-1
1336.mp4,-1
1337.mp4,-1
1338.mp4,-1
1339.mp4,-1
1340.mp4,-1
1341.mp4,-1
1342.mp4,-1
1343.mp4,-1
1344.mp4,-1
1345.mp4,-1
1346.mp4,-1
1347.mp4,-1
1348.mp4,-1
1349.mp4,-1
1350.mp4,-1
1351.mp4,-1
1352.mp4,-1
1353.mp4,-1
1354.mp4,-1
1355.mp4,-1
1356.mp4,-1
1357.mp4,-1
1358.mp4,-1
1359.mp4,-1
1360.mp4,-1
1361.mp4,-1
1362.mp4,-1
1363.mp4,-1
1364.mp4,-1
1365.mp4,-1
1366.mp4,-1
1367.mp4,-1
1368.mp4,-1
1369.mp4,-1
1370.mp4,-1
1371.mp4,-1
1372.mp4,-1
1373.mp4,-1
1374.mp4,-1
1375.mp4,-1
1376.mp4,-1
1377.mp4,-1
1378.mp4,-1
1379.mp4,-1
1380.mp4,-1
1381.mp4,-1
1382.mp4,-1
1383.mp4,-1
1384.mp4,-1
1385.mp4,-1
1386.mp4,-1
1387.mp4,-1
1388.mp4,-1
1389.mp4,-1
1390.mp4,-1
1391.mp4,-1
1392.mp4,-1
1393.mp4,-1
1394.mp4,-1
1395.mp4,-1
1396.mp4,-1
1397.mp4,-1
1398.mp4,-1
1399.mp4,-1
1400.mp4,-1
1401.mp4,-1
1402.mp4,-1
1403.mp4,-1
1404.mp4,-1
1405.mp4,-1
1406.mp4,-1
1407.mp4,-1
1408.mp4,-1
1409.mp4,-1
1410.mp4,-1
1411.mp4,-1
1412.mp4,-1
1413.mp4,-1
1414.mp4,-1
1415.mp4,-1
1416.mp4,-1
1417.mp4,-1
1418.mp4,-1
1419.mp4,-1
1420.mp4,-1
1421.mp4,-1
1422.mp4,-1
1423.mp4,-1
1424.mp4,-1
1425.mp4,-1
1426.mp4,-1
1427.mp4,-1
1428.mp4,-1
1429.mp4,-1
1430.mp4,-1
1431.mp4,-1
1432.mp4,-1
1433.mp4,-1
1434.mp4,-1
1435.mp4,-1
1436.mp4,-1
1437.mp4,-1
1438.mp4,-1
1439.mp4,-1
1440.mp4,-1
1441.mp4,-1
1442.mp4,-1
1443.mp4,-1
1444.mp4,-1
1445.mp4,-1
1446.mp4,-1
1447.mp4,-1
1448.mp4,-1
1449.mp4,-1
1450.mp4,-1
1451.mp4,-1
1452.mp4,-1
1453.mp4,-1
1454.mp4,-1
1455.mp4,-1
1456.mp4,-1
1457.mp4,-1
1458.mp4,-1
1459.mp4,-1
1460.mp4,-1
1461.mp4,-1
1462.mp4,-1
1463.mp4,-1
1464.mp4,-1
1465.mp4,-1
1466.mp4,-1
1467.mp4,-1
1468.mp4,-1
1469.mp4,-1
1470.mp4,-1
1471.mp4,-1
1472.mp4,-1
1473.mp4,-1
1474.mp4,-1
1475.mp4,-1
1476.mp4,-1
1477.mp4,-1
1478.mp4,-1
1479.mp4,-1
1480.mp4,-1
1481.mp4,-1
1482.mp4,-1
1483.mp4,-1
1484.mp4,-1
1485.mp4,-1
1486.mp4,-1
1487.mp4,-1
1488.mp4,-1
1489.mp4,-1
1490.mp4,-1
1491.mp4,-1
1492.mp4,-1
1493.mp4,-1
1494.mp4,-1
1495.mp4,-1
1496.mp4,-1
1497.mp4,-1
1498.mp4,-1
1499.mp4,-1
1500.mp4,-1
1501.mp4,-1
1502.mp4,-1
1503.mp4,-1
1504.mp4,-1
1505.mp4,-1
1506.mp4,-1
1507.mp4,-1
1508.mp4,-1
1509.mp4,-1
1510.mp4,-1
1511.mp4,-1
1512.mp4,-1
1513.mp4,-1
1514.mp4,-1
1515.mp4,-1
1516.mp4,-1
1517.mp4,-1
1518.mp4,-1
1519.mp4,-1
1520.mp4,-1
1521.mp4,-1
1522.mp4,-1
1523.mp4,-1
1524.mp4,-1
1525.mp4,-1
1526.mp4,-1
1527.mp4,-1
1528.mp4,-1
1529.mp4,-1
1530.mp4,-1
1531.mp4,-1
1532.mp4,-1
1533.mp4,-1
1534.mp4,-1
1535.mp4,-1
1536.mp4,-1
1537.mp4,-1
1538.mp4,-1
1539.mp4,-1
1540.mp4,-1
1541.mp4,-1
1542.mp4,-1
1543.mp4,-1
1544.mp4,-1
1545.mp4,-1
1546.mp4,-1
1547.mp4,-1
1548.mp4,-1
1549.mp4,-1
1550.mp4,-1
1551.mp4,-1
1552.mp4,-1
1553.mp4,-1
1554.mp4,-1
1555.mp4,-1
1556.mp4,-1
1557.mp4,-1
1558.mp4,-1
1559.mp4,-1
1560.mp4,-1
1561.mp4,-1
1562.mp4,-1
1563.mp4,-1
1564.mp4,-1
1565.mp4,-1
1566.mp4,-1
1567.mp4,-1
1568.mp4,-1
1569.mp4,-1
1570.mp4,-1
1571.mp4,-1
1572.mp4,-1
1573.mp4,-1
1574.mp4,-1
1575.mp4,-1
1576.mp4,-1
1577.mp4,-1
1578.mp4,-1
1579.mp4,-1
1580.mp4,-1
1581.mp4,-1
1582.mp4,-1
1583.mp4,-1
1584.mp4,-1
1585.mp4,-1
1586.mp4,-1
1587.mp4,-1
1588.mp4,-1
1589.mp4,-1
1590.mp4,-1
1591.mp4,-1
1592.mp4,-1
1593.mp4,-1
1594.mp4,-1
1595.mp4,-1
1596.mp4,-1
1597.mp4,-1
1598.mp4,-1
1599.mp4,-1
1600.mp4,-1
1601.mp4,-1
1602.mp4,-1
1603.mp4,-1
1604.mp4,-1
1605.mp4,-1
1606.mp4,-1
1607.mp4,-1
1608.mp4,-1
1609.mp4,-1
1610.mp4,-1
1611.mp4,-1
1612.mp4,-1
1613.mp4,-1
1614.mp4,-1
1615.mp4,-1
1616.mp4,-1
1617.mp4,-1
1618.mp4,-1
1619.mp4,-1
1620.mp4,-1
1621.mp4,-1
1622.mp4,-1
1623.mp4,-1
1624.mp4,-1
1625.mp4,-1
1626.mp4,-1
1627.mp4,-1
1628.mp4,-1
1629.mp4,-1
1630.mp4,-1
1631.mp4,-1
1632.mp4,-1
1633.mp4,-1
1634.mp4,-1
1635.mp4,-1
1636.mp4,-1
1637.mp4,-1
1638.mp4,-1
1639.mp4,-1
1640.mp4,-1
1641.mp4,-1
1642.mp4,-1
1643.mp4,-1
1644.mp4,-1
1645.mp4,-1
1646.mp4,-1
1647.mp4,-1
1648.mp4,-1
1649.mp4,-1
1650.mp4,-1
1651.mp4,-1
1652.mp4,-1
1653.mp4,-1
1654.mp4,-1
1655.mp4,-1
1656.mp4,-1
1657.mp4,-1
1658.mp4,-1
1659.mp4,-1
1660.mp4,-1
1661.mp4,-1
1662.mp4,-1
1663.mp4,-1
1664.mp4,-1
1665.mp4,-1
1666.mp4,-1
1667.mp4,-1
1668.mp4,-1
1669.mp4,-1
1670.mp4,-1
1671.mp4,-1
1672.mp4,-1
1673.mp4,-1
1674.mp4,-1
1675.mp4,-1
1676.mp4,-1
1677.mp4,-1
1678.mp4,-1
1679.mp4,-1
1680.mp4,-1
1681.mp4,-1
1682.mp4,-1
1683.mp4,-1
1684.mp4,-1
1685.mp4,-1
1686.mp4,-1
1687.mp4,-1
1688.mp4,-1
1689.mp4,-1
1690.mp4,-1
1691.mp4,-1
1692.mp4,-1
1693.mp4,-1
1694.mp4,-1
1695.mp4,-1
1696.mp4,-1
1697.mp4,-1
1698.mp4,-1
1699.mp4,-1
1700.mp4,-1
1701.mp4,-1
1702.mp4,-1
1703.mp4,-1
1704.mp4,-1
1705.mp4,-1
1706.mp4,-1
1707.mp4,-1
1708.mp4,-1
1709.mp4,-1
1710.mp4,-1
1711.mp4,-1
1712.mp4,-1
1713.mp4,-1
1714.mp4,-1
1715.mp4,-1
1716.mp4,-1
1717.mp4,-1
1718.mp4,-1
1719.mp4,-1
1720.mp4,-1
1721.mp4,-1
1722.mp4,-1
1723.mp4,-1
1724.mp4,-1
1725.mp4,-1
1726.mp4,-1
1727.mp4,-1
1728.mp4,-1
1729.mp4,-1
1730.mp4,-1
1731.mp4,-1
1732.mp4,-1
1733.mp4,-1
1734.mp4,-1
1735.mp4,-1
1736.mp4,-1
1737.mp4,-1
1738.mp4,-1
1739.mp4,-1
1740.mp4,-1
1741.mp4,-1
1742.mp4,-1
1743.mp4,-1
1744.mp4,-1
1745.mp4,-1
1746.mp4,-1
1747.mp4,-1
1748.mp4,-1
1749.mp4,-1
1750.mp4,-1
1751.mp4,-1
1752.mp4,-1
1753.mp4,-1
1754.mp4,-1
1755.mp4,-1
1756.mp4,-1
1757.mp4,-1
1758.mp4,-1
1759.mp4,-1
1760.mp4,-1
1761.mp4,-1
1762.mp4,-1
1763.mp4,-1
1764.mp4,-1
1765.mp4,-1
1766.mp4,-1
1767.mp4,-1
1768.mp4,-1
1769.mp4,-1
1770.mp4,-1
1771.mp4,-1
1772.mp4,-1
1773.mp4,-1
1774.mp4,-1
1775.mp4,-1
1776.mp4,-1
1777.mp4,-1
1778.mp4,-1
1779.mp4,-1
1780.mp4,-1
1781.mp4,-1
1782.mp4,-1
1783.mp4,-1
1784.mp4,-1
1785.mp4,-1
1786.mp4,-1
1787.mp4,-1
1788.mp4,-1
1789.mp4,-1
1790.mp4,-1
1791.mp4,-1
1792.mp4,-1
1793.mp4,-1
1794.mp4,-1
1795.mp4,-1
1796.mp4,-1
1797.mp4,-1
1798.mp4,-1
1799.mp4,-1
1800.mp4,-1
1801.mp4,-1
1802.mp4,-1
1803.mp4,-1
1804.mp4,-1
1805.mp4,-1
1806.mp4,-1
1807.mp4,-1
1808.mp4,-1
1809.mp4,-1
1810.mp4,-1
1811.mp4,-1
1812.mp4,-1
1813.mp4,-1
1814.mp4,-1
1815.mp4,-1
1816.mp4,-1
1817.mp4,-1
1818.mp4,-1
1819.mp4,-1
1820.mp4,-1
1821.mp4,-1
1822.mp4,-1
1823.mp4,-1
1824.mp4,-1
1825.mp4,-1
1826.mp4,-1
1827.mp4,-1
1828.mp4,-1
1829.mp4,-1
1830.mp4,-1
1831.mp4,-1
1832.mp4,-1
1833.mp4,-1
1834.mp4,-1
1835.mp4,-1
1836.mp4,-1
1837.mp4,-1
1838.mp4,-1
1839.mp4,-1
1840.mp4,-1
1841.mp4,-1
1842.mp4,-1
1843.mp4,-1
1844.mp4,-1
1845.mp4,-1
1846.mp4,-1
1847.mp4,-1
1848.mp4,-1
1849.mp4,-1
1850.mp4,-1
1851.mp4,-1
1852.mp4,-1
1853.mp4,-1
1854.mp4,-1
1855.mp4,-1
1856.mp4,-1
1857.mp4,-1
1858.mp4,-1
1859.mp4,-1
1860.mp4,-1
1861.mp4,-1
1862.mp4,-1
1863.mp4,-1
1864.mp4,-1
1865.mp4,-1
1866.mp4,-1
1867.mp4,-1
1868.mp4,-1
1869.mp4,-1
1870.mp4,-1
1871.mp4,-1
1872.mp4,-1
1873.mp4,-1
1874.mp4,-1
1875.mp4,-1
1876.mp4,-1
1877.mp4,-1
1878.mp4,-1
1879.mp4,-1
1880.mp4,-1
1881.mp4,-1
1882.mp4,-1
1883.mp4,-1
1884.mp4,-1
1885.mp4,-1
1886.mp4,-1
1887.mp4,-1
1888.mp4,-1
1889.mp4,-1
1890.mp4,-1
1891.mp4,-1
1892.mp4,-1
1893.mp4,-1
1894.mp4,-1
1895.mp4,-1
1896.mp4,-1
1897.mp4,-1
1898.mp4,-1
1899.mp4,-1
1900.mp4,-1
1901.mp4,-1
1902.mp4,-1
1903.mp4,-1
1904.mp4,-1
1905.mp4,-1
1906.mp4,-1
1907.mp4,-1
1908.mp4,-1
1909.mp4,-1
1910.mp4,-1
1911.mp4,-1
1912.mp4,-1
1913.mp4,-1
1914.mp4,-1
1915.mp4,-1
1916.mp4,-1
1917.mp4,-1
1918.mp4,-1
1919.mp4,-1
1920.mp4,-1
1921.mp4,-1
1922.mp4,-1
1923.mp4,-1
1924.mp4,-1
1925.mp4,-1
1926.mp4,-1
1927.mp4,-1
1928.mp4,-1
1929.mp4,-1
1930.mp4,-1
1931.mp4,-1
1932.mp4,-1
1933.mp4,-1
1934.mp4,-1
1935.mp4,-1
1936.mp4,-1
1937.mp4,-1
1938.mp4,-1
1939.mp4,-1
1940.mp4,-1
1941.mp4,-1
1942.mp4,-1
1943.mp4,-1
1944.mp4,-1
1945.mp4,-1
1946.mp4,-1
1947.mp4,-1
1948.mp4,-1
1949.mp4,-1
1950.mp4,-1
1951.mp4,-1
1952.mp4,-1
1953.mp4,-1
1954.mp4,-1
1955.mp4,-1
1956.mp4,-1
1957.mp4,-1
1958.mp4,-1
1959.mp4,-1
1960.mp4,-1
1961.mp4,-1
1962.mp4,-1
1963.mp4,-1
1964.mp4,-1
1965.mp4,-1
1966.mp4,-1
1967.mp4,-1
1968.mp4,-1
1969.mp4,-1
1970.mp4,-1
1971.mp4,-1
1972.mp4,-1
1973.mp4,-1
1974.mp4,-1
1975.mp4,-1
1976.mp4,-1
1977.mp4,-1
1978.mp4,-1
1979.mp4,-1
1980.mp4,-1
1981.mp4,-1
1982.mp4,-1
1983.mp4,-1
1984.mp4,-1
1985.mp4,-1
1986.mp4,-1
1987.mp4,-1
1988.mp4,-1
1989.mp4,-1
1990.mp4,-1
1991.mp4,-1
1992.mp4,-1
1993.mp4,-1
1994.mp4,-1
1995.mp4,-1
1996.mp4,-1
1997.mp4,-1
1998.mp4,-1
1999.mp4,-1
2000.mp4,-1
2001.mp4,-1
2002.mp4,-1
2003.mp4,-1
2004.mp4,-1
2005.mp4,-1
2006.mp4,-1
2007.mp4,-1
2008.mp4,-1
2009.mp4,-1
2010.mp4,-1
2011.mp4,-1
2012.mp4,-1
2013.mp4,-1
2014.mp4,-1
2015.mp4,-1
2016.mp4,-1
2017.mp4,-1
2018.mp4,-1
2019.mp4,-1
2020.mp4,-1
2021.mp4,-1
2022.mp4,-1
2023.mp4,-1
2024.mp4,-1
2025.mp4,-1
2026.mp4,-1
2027.mp4,-1
2028.mp4,-1
2029.mp4,-1
2030.mp4,-1
2031.mp4,-1
2032.mp4,-1
2033.mp4,-1
2034.mp4,-1
2035.mp4,-1
2036.mp4,-1
2037.mp4,-1
2038.mp4,-1
2039.mp4,-1
2040.mp4,-1
2041.mp4,-1
2042.mp4,-1
2043.mp4,-1
2044.mp4,-1
2045.mp4,-1
2046.mp4,-1
2047.mp4,-1
2048.mp4,-1
2049.mp4,-1
2050.mp4,-1
2051.mp4,-1
2052.mp4,-1
2053.mp4,-1
2054.mp4,-1
2055.mp4,-1
2056.mp4,-1
2057.mp4,-1
2058.mp4,-1
2059.mp4,-1
2060.mp4,-1
2061.mp4,-1
2062.mp4,-1
2063.mp4,-1
2064.mp4,-1
2065.mp4,-1
2066.mp4,-1
2067.mp4,-1
2068.mp4,-1
2069.mp4,-1
2070.mp4,-1
2071.mp4,-1
2072.mp4,-1
2073.mp4,-1
2074.mp4,-1
2075.mp4,-1
2076.mp4,-1
2077.mp4,-1
2078.mp4,-1
2079.mp4,-1
2080.mp4,-1
2081.mp4,-1
2082.mp4,-1
2083.mp4,-1
2084.mp4,-1
2085.mp4,-1
2086.mp4,-1
2087.mp4,-1
2088.mp4,-1
2089.mp4,-1
2090.mp4,-1
2091.mp4,-1
2092.mp4,-1
2093.mp4,-1
2094.mp4,-1
2095.mp4,-1
2096.mp4,-1
2097.mp4,-1
2098.mp4,-1
2099.mp4,-1
2100.mp4,-1
2101.mp4,-1
2102.mp4,-1
2103.mp4,-1
2104.mp4,-1
2105.mp4,-1
2106.mp4,-1
2107.mp4,-1
2108.mp4,-1
2109.mp4,-1
2110.mp4,-1
2111.mp4,-1
2112.mp4,-1
2113.mp4,-1
2114.mp4,-1
2115.mp4,-1
2116.mp4,-1
2117.mp4,-1
2118.mp4,-1
2119.mp4,-1
2120.mp4,-1
2121.mp4,-1
2122.mp4,-1
2123.mp4,-1
2124.mp4,-1
2125.mp4,-1
2126.mp4,-1
2127.mp4,-1
2128.mp4,-1
2129.mp4,-1
2130.mp4,-1
2131.mp4,-1
2132.mp4,-1
2133.mp4,-1
2134.mp4,-1
2135.mp4,-1
2136.mp4,-1
2137.mp4,-1
2138.mp4,-1
2139.mp4,-1
2140.mp4,-1
2141.mp4,-1
2142.mp4,-1
2143.mp4,-1
2144.mp4,-1
2145.mp4,-1
2146.mp4,-1
2147.mp4,-1
2148.mp4,-1
2149.mp4,-1
2150.mp4,-1
2151.mp4,-1
2152.mp4,-1
2153.mp4,-1
2154.mp4,-1
2155.mp4,-1
2156.mp4,-1
2157.mp4,-1
2158.mp4,-1
2159.mp4,-1
2160.mp4,-1
2161.mp4,-1
2162.mp4,-1
2163.mp4,-1
2164.mp4,-1
2165.mp4,-1
2166.mp4,-1
2167.mp4,-1
2168.mp4,-1
2169.mp4,-1
2170.mp4,-1
2171.mp4,-1
2172.mp4,-1
2173.mp4,-1
2174.mp4,-1
2175.mp4,-1
2176.mp4,-1
2177.mp4,-1
2178.mp4,-1
2179.mp4,-1
2180.mp4,-1
2181.mp4,-1
2182.mp4,-1
2183.mp4,-1
2184.mp4,-1
2185.mp4,-1
2186.mp4,-1
2187.mp4,-1
2188.mp4,-1
2189.mp4,-1
2190.mp4,-1
2191.mp4,-1
2192.mp4,-1
2193.mp4,-1
2194.mp4,-1
2195.mp4,-1
2196.mp4,-1
2197.mp4,-1
2198.mp4,-1
2199.mp4,-1
2200.mp4,-1
2201.mp4,-1
2202.mp4,-1
2203.mp4,-1
2204.mp4,-1
2205.mp4,-1
2206.mp4,-1
2207.mp4,-1
2208.mp4,-1
2209.mp4,-1
2210.mp4,-1
2211.mp4,-1
2212.mp4,-1
2213.mp4,-1
2214.mp4,-1
2215.mp4,-1
2216.mp4,-1
2217.mp4,-1
2218.mp4,-1
2219.mp4,-1
2220.mp4,-1
2221.mp4,-1
2222.mp4,-1
2223.mp4,-1
2224.mp4,-1
2225.mp4,-1
2226.mp4,-1
2227.mp4,-1
2228.mp4,-1
2229.mp4,-1
2230.mp4,-1
2231.mp4,-1
2232.mp4,-1
2233.mp4,-1
2234.mp4,-1
2235.mp4,-1
2236.mp4,-1
2237.mp4,-1
2238.mp4,-1
2239.mp4,-1
2240.mp4,-1
2241.mp4,-1
2242.mp4,-1
2243.mp4,-1
2244.mp4,-1
2245.mp4,-1
2246.mp4,-1
2247.mp4,-1
2248.mp4,-1
2249.mp4,-1
2250.mp4,-1
2251.mp4,-1
2252.mp4,-1
2253.mp4,-1
2254.mp4,-1
2255.mp4,-1
2256.mp4,-1
2257.mp4,-1
2258.mp4,-1
2259.mp4,-1
2260.mp4,-1
2261.mp4,-1
2262.mp4,-1
2263.mp4,-1
2264.mp4,-1
2265.mp4,-1
2266.mp4,-1
2267.mp4,-1
2268.mp4,-1
2269.mp4,-1
2270.mp4,-1
2271.mp4,-1
2272.mp4,-1
2273.mp4,-1
2274.mp4,-1
2275.mp4,-1
2276.mp4,-1
2277.mp4,-1
2278.mp4,-1
2279.mp4,-1
2280.mp4,-1
2281.mp4,-1
2282.mp4,-1
2283.mp4,-1
2284.mp4,-1
2285.mp4,-1
2286.mp4,-1
2287.mp4,-1
2288.mp4,-1
2289.mp4,-1
2290.mp4,-1
2291.mp4,-1
2292.mp4,-1
2293.mp4,-1
2294.mp4,-1
2295.mp4,-1
2296.mp4,-1
2297.mp4,-1
2298.mp4,-1
2299.mp4,-1
2300.mp4,-1
2301.mp4,-1
2302.mp4,-1
2303.mp4,-1
2304.mp4,-1
2305.mp4,-1
2306.mp4,-1
2307.mp4,-1
2308.mp4,-1
2309.mp4,-1
2310.mp4,-1
2311.mp4,-1
2312.mp4,-1
2313.mp4,-1
2314.mp4,-1
2315.mp4,-1
2316.mp4,-1
2317.mp4,-1
2318.mp4,-1
2319.mp4,-1
2320.mp4,-1
2321.mp4,-1
2322.mp4,-1
2323.mp4,-1
2324.mp4,-1
2325.mp4,-1
2326.mp4,-1
2327.mp4,-1
2328.mp4,-1
2329.mp4,-1
2330.mp4,-1
2331.mp4,-1
2332.mp4,-1
2333.mp4,-1
2334.mp4,-1
2335.mp4,-1
2336.mp4,-1
2337.mp4,-1
2338.mp4,-1
2339.mp4,-1
2340.mp4,-1
2341.mp4,-1
2342.mp4,-1
2343.mp4,-1
2344.mp4,-1
2345.mp4,-1
2346.mp4,-1
2347.mp4,-1
2348.mp4,-1
2349.mp4,-1
2350.mp4,-1
2351.mp4,-1
2352.mp4,-1
2353.mp4,-1
2354.mp4,-1
2355.mp4,-1
2356.mp4,-1
2357.mp4,-1
2358.mp4,-1
2359.mp4,-1
2360.mp4,-1
2361.mp4,-1
2362.mp4,-1
2363.mp4,-1
2364.mp4,-1
2365.mp4,-1
2366.mp4,-1
2367.mp4,-1
2368.mp4,-1
2369.mp4,-1
2370.mp4,-1
2371.mp4,-1
2372.mp4,-1
2373.mp4,-1
2374.mp4,-1
2375.mp4,-1
2376.mp4,-1
2377.mp4,-1
2378.mp4,-1
2379.mp4,-1
2380.mp4,-1
2381.mp4,-1
2382.mp4,-1
2383.mp4,-1
2384.mp4,-1
2385.mp4,-1
2386.mp4,-1
2387.mp4,-1
2388.mp4,-1
2389.mp4,-1
2390.mp4,-1
2391.mp4,-1
2392.mp4,-1
2393.mp4,-1
2394.mp4,-1
2395.mp4,-1
2396.mp4,-1
2397.mp4,-1
2398.mp4,-1
2399.mp4,-1
2400.mp4,-1
2401.mp4,-1
2402.mp4,-1
2403.mp4,-1
2404.mp4,-1
2405.mp4,-1
2406.mp4,-1
2407.mp4,-1
2408.mp4,-1
2409.mp4,-1
2410.mp4,-1
2411.mp4,-1
2412.mp4,-1
2413.mp4,-1
2414.mp4,-1
2415.mp4,-1
2416.mp4,-1
2417.mp4,-1
2418.mp4,-1
2419.mp4,-1
2420.mp4,-1
2421.mp4,-1
2422.mp4,-1
2423.mp4,-1
2424.mp4,-1
2425.mp4,-1
2426.mp4,-1
2427.mp4,-1
2428.mp4,-1
2429.mp4,-1
2430.mp4,-1
2431.mp4,-1
2432.mp4,-1
2433.mp4,-1
2434.mp4,-1
2435.mp4,-1
2436.mp4,-1
2437.mp4,-1
2438.mp4,-1
2439.mp4,-1
2440.mp4,-1
2441.mp4,-1
2442.mp4,-1
2443.mp4,-1
2444.mp4,-1
2445.mp4,-1
2446.mp4,-1
2447.mp4,-1
2448.mp4,-1
2449.mp4,-1
2450.mp4,-1
2451.mp4,-1
2452.mp4,-1
2453.mp4,-1
2454.mp4,-1
2455.mp4,-1
2456.mp4,-1
2457.mp4,-1
2458.mp4,-1
2459.mp4,-1
2460.mp4,-1
2461.mp4,-1
2462.mp4,-1
2463.mp4,-1
2464.mp4,-1
2465.mp4,-1
2466.mp4,-1
2467.mp4,-1
2468.mp4,-1
2469.mp4,-1
2470.mp4,-1
2471.mp4,-1
2472.mp4,-1
2473.mp4,-1
2474.mp4,-1
2475.mp4,-1
2476.mp4,-1
2477.mp4,-1
2478.mp4,-1
2479.mp4,-1
2480.mp4,-1
2481.mp4,-1
2482.mp4,-1
2483.mp4,-1
2484.mp4,-1
2485.mp4,-1
2486.mp4,-1
2487.mp4,-1
2488.mp4,-1
2489.mp4,-1
2490.mp4,-1
2491.mp4,-1
2492.mp4,-1
2493.mp4,-1
2494.mp4,-1
2495.mp4,-1
2496.mp4,-1
2497.mp4,-1
2498.mp4,-1
2499.mp4,-1
2500.mp4,-1
2501.mp4,-1
2502.mp4,-1
2503.mp4,-1
2504.mp4,-1
2505.mp4,-1
2506.mp4,-1
2507.mp4,-1
2508.mp4,-1
2509.mp4,-1
2510.mp4,-1
2511.mp4,-1
2512.mp4,-1
2513.mp4,-1
2514.mp4,-1
2515.mp4,-1
2516.mp4,-1
2517.mp4,-1
2518.mp4,-1
2519.mp4,-1
2520.mp4,-1
2521.mp4,-1
2522.mp4,-1
2523.mp4,-1
2524.mp4,-1
2525.mp4,-1
2526.mp4,-1
2527.mp4,-1
2528.mp4,-1
2529.mp4,-1
2530.mp4,-1
2531.mp4,-1
2532.mp4,-1
2533.mp4,-1
2534.mp4,-1
2535.mp4,-1
2536.mp4,-1
2537.mp4,-1
2538.mp4,-1
2539.mp4,-1
2540.mp4,-1
2541.mp4,-1
2542.mp4,-1
2543.mp4,-1
2544.mp4,-1
2545.mp4,-1
2546.mp4,-1
2547.mp4,-1
2548.mp4,-1
2549.mp4,-1
2550.mp4,-1
2551.mp4,-1
2552.mp4,-1
2553.mp4,-1
2554.mp4,-1
2555.mp4,-1
2556.mp4,-1
2557.mp4,-1
2558.mp4,-1
2559.mp4,-1
2560.mp4,-1
2561.mp4,-1
2562.mp4,-1
2563.mp4,-1
2564.mp4,-1
2565.mp4,-1
2566.mp4,-1
2567.mp4,-1
2568.mp4,-1
2569.mp4,-1
2570.mp4,-1
2571.mp4,-1
2572.mp4,-1
2573.mp4,-1
2574.mp4,-1
2575.mp4,-1
2576.mp4,-1
2577.mp4,-1
2578.mp4,-1
2579.mp4,-1
2580.mp4,-1
2581.mp4,-1
2582.mp4,-1
2583.mp4,-1
2584.mp4,-1
2585.mp4,-1
2586.mp4,-1
2587.mp4,-1
2588.mp4,-1
2589.mp4,-1
2590.mp4,-1
2591.mp4,-1
2592.mp4,-1
2593.mp4,-1
2594.mp4,-1
2595.mp4,-1
2596.mp4,-1
2597.mp4,-1
2598.mp4,-1
2599.mp4,-1
2600.mp4,-1
2601.mp4,-1
2602.mp4,-1
2603.mp4,-1
2604.mp4,-1
2605.mp4,-1
2606.mp4,-1
2607.mp4,-1
2608.mp4,-1
2609.mp4,-1
2610.mp4,-1
2611.mp4,-1
2612.mp4,-1
2613.mp4,-1
2614.mp4,-1
2615.mp4,-1
2616.mp4,-1
2617.mp4,-1
2618.mp4,-1
2619.mp4,-1
2620.mp4,-1
2621.mp4,-1
2622.mp4,-1
2623.mp4,-1
2624.mp4,-1
2625.mp4,-1
2626.mp4,-1
2627.mp4,-1
2628.mp4,-1
2629.mp4,-1
2630.mp4,-1
2631.mp4,-1
2632.mp4,-1
2633.mp4,-1
2634.mp4,-1
2635.mp4,-1
2636.mp4,-1
2637.mp4,-1
2638.mp4,-1
2639.mp4,-1
2640.mp4,-1
2641.mp4,-1
2642.mp4,-1
2643.mp4,-1
2644.mp4,-1
2645.mp4,-1
2646.mp4,-1
2647.mp4,-1
2648.mp4,-1
2649.mp4,-1
2650.mp4,-1
2651.mp4,-1
2652.mp4,-1
2653.mp4,-1
2654.mp4,-1
2655.mp4,-1
2656.mp4,-1
2657.mp4,-1
2658.mp4,-1
2659.mp4,-1
2660.mp4,-1
2661.mp4,-1
2662.mp4,-1
2663.mp4,-1
2664.mp4,-1
2665.mp4,-1
2666.mp4,-1
2667.mp4,-1
2668.mp4,-1
2669.mp4,-1
2670.mp4,-1
2671.mp4,-1
2672.mp4,-1
2673.mp4,-1
2674.mp4,-1
2675.mp4,-1
2676.mp4,-1
2677.mp4,-1
2678.mp4,-1
2679.mp4,-1
2680.mp4,-1
2681.mp4,-1
2682.mp4,-1
2683.mp4,-1
2684.mp4,-1
2685.mp4,-1
2686.mp4,-1
2687.mp4,-1
2688.mp4,-1
2689.mp4,-1
2690.mp4,-1
2691.mp4,-1
2692.mp4,-1
2693.mp4,-1
2694.mp4,-1
2695.mp4,-1
2696.mp4,-1
2697.mp4,-1
2698.mp4,-1
2699.mp4,-1
2700.mp4,-1
2701.mp4,-1
2702.mp4,-1
2703.mp4,-1
2704.mp4,-1
2705.mp4,-1
2706.mp4,-1
2707.mp4,-1
2708.mp4,-1
2709.mp4,-1
2710.mp4,-1
2711.mp4,-1
2712.mp4,-1
2713.mp4,-1
2714.mp4,-1
2715.mp4,-1
2716.mp4,-1
2717.mp4,-1
2718.mp4,-1
2719.mp4,-1
2720.mp4,-1
2721.mp4,-1
2722.mp4,-1
2723.mp4,-1
2724.mp4,-1
2725.mp4,-1
2726.mp4,-1
2727.mp4,-1
2728.mp4,-1
2729.mp4,-1
2730.mp4,-1
2731.mp4,-1
2732.mp4,-1
2733.mp4,-1
2734.mp4,-1
2735.mp4,-1
2736.mp4,-1
2737.mp4,-1
2738.mp4,-1
2739.mp4,-1
2740.mp4,-1
2741.mp4,-1
2742.mp4,-1
2743.mp4,-1
2744.mp4,-1
2745.mp4,-1
2746.mp4,-1
2747.mp4,-1
2748.mp4,-1
2749.mp4,-1
2750.mp4,-1
2751.mp4,-1
2752.mp4,-1
2753.mp4,-1
2754.mp4,-1
2755.mp4,-1
2756.mp4,-1
2757.mp4,-1
2758.mp4,-1
2759.mp4,-1
2760.mp4,-1
2761.mp4,-1
2762.mp4,-1
2763.mp4,-1
2764.mp4,-1
2765.mp4,-1
2766.mp4,-1
2767.mp4,-1
2768.mp4,-1
2769.mp4,-1
2770.mp4,-1
2771.mp4,-1
2772.mp4,-1
2773.mp4,-1
2774.mp4,-1
2775.mp4,-1
2776.mp4,-1
2777.mp4,-1
2778.mp4,-1
2779.mp4,-1
2780.mp4,-1
2781.mp4,-1
2782.mp4,-1
2783.mp4,-1
2784.mp4,-1
2785.mp4,-1
2786.mp4,-1
2787.mp4,-1
2788.mp4,-1
2789.mp4,-1
2790.mp4,-1
2791.mp4,-1
2792.mp4,-1
2793.mp4,-1
2794.mp4,-1
2795.mp4,-1
2796.mp4,-1
2797.mp4,-1
2798.mp4,-1
2799.mp4,-1
2800.mp4,-1
2801.mp4,-1
2802.mp4,-1
2803.mp4,-1
2804.mp4,-1
2805.mp4,-1
2806.mp4,-1
2807.mp4,-1
2808.mp4,-1
2809.mp4,-1
2810.mp4,-1
2811.mp4,-1
2812.mp4,-1
2813.mp4,-1
2814.mp4,-1
2815.mp4,-1
2816.mp4,-1
2817.mp4,-1
2818.mp4,-1
2819.mp4,-1
2820.mp4,-1
2821.mp4,-1
2822.mp4,-1
2823.mp4,-1
2824.mp4,-1
2825.mp4,-1
2826.mp4,-1
2827.mp4,-1
2828.mp4,-1
2829.mp4,-1
2830.mp4,-1
2831.mp4,-1
2832.mp4,-1
2833.mp4,-1
2834.mp4,-1
2835.mp4,-1
2836.mp4,-1
2837.mp4,-1
2838.mp4,-1
2839.mp4,-1
2840.mp4,-1
2841.mp4,-1
2842.mp4,-1
2843.mp4,-1
2844.mp4,-1
2845.mp4,-1
2846.mp4,-1
2847.mp4,-1
2848.mp4,-1
2849.mp4,-1
2850.mp4,-1
2851.mp4,-1
2852.mp4,-1
2853.mp4,-1
2854.mp4,-1
2855.mp4,-1
2856.mp4,-1
2857.mp4,-1
2858.mp4,-1
2859.mp4,-1
2860.mp4,-1
2861.mp4,-1
2862.mp4,-1
2863.mp4,-1
2864.mp4,-1
2865.mp4,-1
2866.mp4,-1
2867.mp4,-1
2868.mp4,-1
2869.mp4,-1
2870.mp4,-1
2871.mp4,-1
2872.mp4,-1
2873.mp4,-1
2874.mp4,-1
2875.mp4,-1
2876.mp4,-1
2877.mp4,-1
2878.mp4,-1
2879.mp4,-1
2880.mp4,-1
2881.mp4,-1
2882.mp4,-1
2883.mp4,-1
2884.mp4,-1
2885.mp4,-1
2886.mp4,-1
2887.mp4,-1
2888.mp4,-1
2889.mp4,-1
2890.mp4,-1
2891.mp4,-1
2892.mp4,-1
2893.mp4,-1
2894.mp4,-1
2895.mp4,-1
2896.mp4,-1
2897.mp4,-1
2898.mp4,-1
2899.mp4,-1
2900.mp4,-1
2901.mp4,-1
2902.mp4,-1
2903.mp4,-1
2904.mp4,-1
2905.mp4,-1
2906.mp4,-1
2907.mp4,-1
2908.mp4,-1
2909.mp4,-1
2910.mp4,-1
2911.mp4,-1
2912.mp4,-1
2913.mp4,-1
2914.mp4,-1
2915.mp4,-1
2916.mp4,-1
2917.mp4,-1
2918.mp4,-1
2919.mp4,-1
2920.mp4,-1
2921.mp4,-1
2922.mp4,-1
2923.mp4,-1
2924.mp4,-1
2925.mp4,-1
2926.mp4,-1
2927.mp4,-1
2928.mp4,-1
2929.mp4,-1
2930.mp4,-1
2931.mp4,-1
2932.mp4,-1
2933.mp4,-1
2934.mp4,-1
2935.mp4,-1
2936.mp4,-1
2937.mp4,-1
2938.mp4,-1
2939.mp4,-1
2940.mp4,-1
2941.mp4,-1
2942.mp4,-1
2943.mp4,-1
2944.mp4,-1
2945.mp4,-1
2946.mp4,-1
2947.mp4,-1
2948.mp4,-1
2949.mp4,-1
2950.mp4,-1
2951.mp4,-1
2952.mp4,-1
2953.mp4,-1
2954.mp4,-1
2955.mp4,-1
2956.mp4,-1
2957.mp4,-1
2958.mp4,-1
2959.mp4,-1
2960.mp4,-1
2961.mp4,-1
2962.mp4,-1
2963.mp4,-1
2964.mp4,-1
2965.mp4,-1
2966.mp4,-1
2967.mp4,-1
2968.mp4,-1
2969.mp4,-1
2970.mp4,-1
2971.mp4,-1
2972.mp4,-1
2973.mp4,-1
2974.mp4,-1
2975.mp4,-1
2976.mp4,-1
2977.mp4,-1
2978.mp4,-1
2979.mp4,-1
2980.mp4,-1
2981.mp4,-1
2982.mp4,-1
2983.mp4,-1
2984.mp4,-1
2985.mp4,-1
2986.mp4,-1
2987.mp4,-1
2988.mp4,-1
2989.mp4,-1
2990.mp4,-1
2991.mp4,-1
2992.mp4,-1
2993.mp4,-1
2994.mp4,-1
2995.mp4,-1
2996.mp4,-1
2997.mp4,-1
2998.mp4,-1
2999.mp4,-1
3000.mp4,-1
3001.mp4,-1
3002.mp4,-1
3003.mp4,-1
3004.mp4,-1
3005.mp4,-1
3006.mp4,-1
3007.mp4,-1
3008.mp4,-1
3009.mp4,-1
3010.mp4,-1
3011.mp4,-1
3012.mp4,-1
3013.mp4,-1
3014.mp4,-1
3015.mp4,-1
3016.mp4,-1
3017.mp4,-1
3018.mp4,-1
3019.mp4,-1
3020.mp4,-1
3021.mp4,-1
3022.mp4,-1
3023.mp4,-1
3024.mp4,-1
3025.mp4,-1
3026.mp4,-1
3027.mp4,-1
3028.mp4,-1
3029.mp4,-1
3030.mp4,-1
3031.mp4,-1
3032.mp4,-1
3033.mp4,-1
3034.mp4,-1
3035.mp4,-1
3036.mp4,-1
3037.mp4,-1
3038.mp4,-1
3039.mp4,-1
3040.mp4,-1
3041.mp4,-1
3042.mp4,-1
3043.mp4,-1
3044.mp4,-1
3045.mp4,-1
3046.mp4,-1
3047.mp4,-1
3048.mp4,-1
3049.mp4,-1
3050.mp4,-1
3051.mp4,-1
3052.mp4,-1
3053.mp4,-1
3054.mp4,-1
3055.mp4,-1
3056.mp4,-1
3057.mp4,-1
3058.mp4,-1
3059.mp4,-1
3060.mp4,-1
3061.mp4,-1
3062.mp4,-1
3063.mp4,-1
3064.mp4,-1
3065.mp4,-1
3066.mp4,-1
3067.mp4,-1
3068.mp4,-1
3069.mp4,-1
3070.mp4,-1
3071.mp4,-1
3072.mp4,-1
3073.mp4,-1
3074.mp4,-1
3075.mp4,-1
3076.mp4,-1
3077.mp4,-1
3078.mp4,-1
3079.mp4,-1
3080.mp4,-1
3081.mp4,-1
3082.mp4,-1
3083.mp4,-1
3084.mp4,-1
3085.mp4,-1
3086.mp4,-1
3087.mp4,-1
